asset_id,file,roblox_image
pizzeria,pizzeria.png,
bakery,bakery.png,
post,post.png,
pharmacy,pharmacy.png,
supermarket,supermarket.png,
hardware,hardware.png,
electronics,electronics.png,
pawnshop,pawnshop.png,
warehouse,warehouse.png,
lab,lab.png,
bank,bank.png,
burgers,burgers.png,
noodles,noodles.png,
cafe,cafe.png,
news,news.png,
flowers,flowers.png,
icecream,icecream.png,
school,school.png,
army,army.png,
movers,movers.png,
farm,farm.png,
ranch,ranch.png,
clinic,clinic.png,
gas,gas.png,
lodge,lodge.png,
