key,name,file,source,roblox_image_id
foot:foot,"On-foot runs: letters, medicine, pizza",foot_foot.png,concept-scene,
kit:backpack,Courier Backpack,kit_backpack.png,actual-factory,
kit:shoes,Running Shoes,kit_shoes.png,actual-factory,
kit:bigpack,Big Backpack,kit_bigpack.png,actual-factory,
kit:jacket,Thermal Jacket,kit_jacket.png,actual-factory,
gun:pistol,Pistol,gun_pistol.png,actual-factory,
bike:rustbike,Rusty Bike at Spoke & Chain,bike_rustbike.png,actual-factory,
bike:citybike,Courier Bike at Spoke & Chain,bike_citybike.png,actual-factory,
gear:basket,Front Basket,gear_basket.png,actual-factory,
garage:garage_rented,Rented Lockup,garage_garage_rented.png,concept-scene,
bike:cargobike,Cargo Bike at Spoke & Chain,bike_cargobike.png,actual-factory,
gear:panniers,Panniers,gear_panniers.png,actual-factory,
gun:smg,SMG,gun_smg.png,actual-factory,
tier:1,★ Easy jobs,tier_1.png,concept-scene,
job:schoolrun,School Run (Sunny Hill School),job_schoolrun.png,concept-business,
job:icecream,Ice Cream Route (Frosty's Ice Cream),job_icecream.png,concept-business,
job:moving,Moving Day (Big Move Movers),job_moving.png,concept-business,
job:fuelrun,Fuel Run (Gas Station),job_fuelrun.png,concept-business,
job:ambulance,Ambulance Run (City Clinic),job_ambulance.png,concept-business,
job:pizzarush,Pizza Rush,job_pizzarush.png,concept-business,
car:van,Old Van: Earl's Used Wheels (Marge's quest at level 4),car_van.png,actual-factory,
bike:escooter,E-Scooter at Spoke & Chain,bike_escooter.png,actual-factory,
stage:van:1,Patched Van,stage_van_1.png,actual-factory,
gear:trolley,Hand Trolley,gear_trolley.png,actual-factory,
gear:straps,Ratchet Straps,gear_straps.png,actual-factory,
gear:trailer,Bike Trailer,gear_trailer.png,actual-factory,
gun:shotgun,Shotgun,gun_shotgun.png,actual-factory,
campaign:dispatch,First Shift,campaign_dispatch.png,concept-scene,
garage:garage_south,Southside Garage,garage_garage_south.png,concept-scene,
tier:2,★★ Risky jobs,tier_2.png,concept-scene,
job:horses,Horse Transport (Silver Spur Ranch),job_horses.png,concept-business,
job:cashrun,Cash Transport,job_cashrun.png,concept-business,
car:courier,Courier Van,car_courier.png,actual-factory,
car:highroof,High-Roof Van,car_highroof.png,actual-factory,
bike:ebike,E-Bike at Spoke & Chain,bike_ebike.png,actual-factory,
stage:van:2,Work Van,stage_van_2.png,actual-factory,
gear:cooler,Cooler Box,gear_cooler.png,actual-factory,
cargun:roofmg,Roof Machine Gun,cargun_roofmg.png,actual-factory,
campaign:clinic,Code Red,campaign_clinic.png,concept-scene,
garage:garage_harbor,Harbor Lockup,garage_garage_harbor.png,concept-scene,
tier:3,★★★ Deadly jobs (licence: 5 jobs rated ★★+ at ★★),tier_3.png,concept-scene,
job:freightrun,Freight Run,job_freightrun.png,concept-business,
car:pickup,Pickup,car_pickup.png,actual-factory,
stage:van:3,Long Cargo Van,stage_van_3.png,actual-factory,
stage:courier:1,Express Courier,stage_courier_1.png,actual-factory,
gun:rifle,Hunting Rifle,gun_rifle.png,actual-factory,
campaign:market,Empty Shelves,campaign_market.png,concept-scene,
campaign:duo,Partners in Crime,campaign_duo.png,concept-scene,
garage:garage_north,Highway Garage,garage_garage_north.png,concept-scene,
estate:elm,Elm Bungalow,estate_elm.png,concept-scene,
job:armysupply,Army Supply (Military Base),job_armysupply.png,concept-business,
car:boxtruck,Box Truck,car_boxtruck.png,actual-factory,
stage:highroof:1,Tall Hauler,stage_highroof_1.png,actual-factory,
stage:pickup:1,Ranch Pickup,stage_pickup_1.png,actual-factory,
gear:roofrack,Roof Rack,gear_roofrack.png,actual-factory,
campaign:firehouse,Smoke and Sirens,campaign_firehouse.png,concept-scene,
garage:garage_downtown,Downtown Parking,garage_garage_downtown.png,concept-scene,
estate:birch,Birch Cottage,estate_birch.png,concept-scene,
estate:oak,7 Oak Lane,estate_oak.png,concept-scene,
tier:4,★★★★ INSANE jobs (licence: 10 jobs rated ★★+ at ★★★),tier_4.png,concept-scene,
job:farmrun,Farm Run (Old Farm),job_farmrun.png,concept-business,
job:winter,Winter Run,job_winter.png,concept-business,
car:muscle,Muscle Car,car_muscle.png,actual-factory,
stage:boxtruck:1,Liftgate Truck,stage_boxtruck_1.png,actual-factory,
campaign:army,Iron Supply,campaign_army.png,concept-scene,
estate:maple,12 Maple Street,estate_maple.png,concept-scene,
car:freight,Freight Truck,car_freight.png,actual-factory,
stage:muscle:1,Street Machine,stage_muscle_1.png,actual-factory,
gun:minigun,Minigun,gun_minigun.png,actual-factory,
cargun:roofminigun,Roof Minigun,cargun_roofminigun.png,actual-factory,
campaign:power,Lights Out,campaign_power.png,concept-scene,
estate:sunset,Sunset Villa,estate_sunset.png,concept-scene,
car:armorvan,Armored Van,car_armorvan.png,actual-factory,
stage:boxtruck:2,Freight Hauler,stage_boxtruck_2.png,actual-factory,
campaign:ranch,Wild West End,campaign_ranch.png,concept-scene,
estate:lakeside,Lakeside Villa,estate_lakeside.png,concept-scene,
stage:armorvan:1,Fortress Van,stage_armorvan_1.png,actual-factory,
gun:launcher,Grenade Launcher,gun_launcher.png,actual-factory,
cargun:rooflauncher,Roof Grenade Launcher,cargun_rooflauncher.png,actual-factory,
campaign:lab,Patient Zero,campaign_lab.png,concept-scene,
estate:office_harbor,Harbor Point Office,estate_office_harbor.png,concept-scene,
car:rallyvan,Rally Van,car_rallyvan.png,actual-factory,
campaign:underworld,Dirty Money,campaign_underworld.png,concept-scene,
estate:pinecrest,Pinecrest Mansion,estate_pinecrest.png,concept-scene,
stage:rallyvan:1,Works Rally,stage_rallyvan_1.png,actual-factory,
campaign:exodus,Last Convoy,campaign_exodus.png,concept-scene,
estate:oceanview,Ocean View Mansion,estate_oceanview.png,concept-scene,
estate:office_tower,"Dispatch Tower, 8th floor",estate_office_tower.png,concept-scene,
estate:hilltop,Hilltop Mansion,estate_hilltop.png,concept-scene,
estate:office_penthouse,Dispatch Tower Penthouse,estate_office_penthouse.png,concept-scene,
cash:money,Cash reward,cash_money.png,representative-art,
item:medkit,2 × medkit,item_medkit.png,representative-art,
item:repair,2 × repair,item_repair.png,representative-art,
paint:hivis,hivis,paint_hivis.png,actual-factory,
item:molotov,4 × molotov,item_molotov.png,representative-art,
item:mine,2 × mine,item_mine.png,representative-art,
item:nitro,3 × nitro,item_nitro.png,representative-art,
title:Iron Courier,Iron Courier,title_Iron_Courier.png,representative-art,
paint:legend,legend,paint_legend.png,actual-factory,
title:Legend of the Last Road,Legend of the Last Road,title_Legend_of_the_Last_Road.png,representative-art,
